Name,Sequence,Scale,Purification,Index
MEC_19bp_RC,/5Phos/CTGTCTCTTATACACATCT,250nm,STD,
sciMET_Tn5_1,GGTGTAGTGGGTTTGGGTTAAGAGGAATGGTAGAGAGGGTGAGATGTGTATAAGAGACAG,25nm,STD,GTTAAGAGGAA
sciMET_Tn5_2,GGTGTAGTGGGTTTGGAGTAGGAAGATTGGTAGAGAGGGTGAGATGTGTATAAGAGACAG,25nm,STD,AGTAGGAAGAT
sciMET_Tn5_3,GGTGTAGTGGGTTTGGGAATTAGGTGTTGGTAGAGAGGGTGAGATGTGTATAAGAGACAG,25nm,STD,GAATTAGGTGT
sciMET_Tn5_4,GGTGTAGTGGGTTTGGGGAGATTAATGTGGTAGAGAGGGTGAGATGTGTATAAGAGACAG,25nm,STD,GGAGATTAATG
sciMET_Tn5_5,GGTGTAGTGGGTTTGGTATTGTGGAATTGGTAGAGAGGGTGAGATGTGTATAAGAGACAG,25nm,STD,TATTGTGGAAT
sciMET_Tn5_6,GGTGTAGTGGGTTTGGATATAGATGATTGGTAGAGAGGGTGAGATGTGTATAAGAGACAG,25nm,STD,ATATAGATGAT
sciMET_Tn5_7,GGTGTAGTGGGTTTGGGTAAGAGGAATTGGTAGAGAGGGTGAGATGTGTATAAGAGACAG,25nm,STD,GTAAGAGGAAT
sciMET_Tn5_8,GGTGTAGTGGGTTTGGGAGAGTTATTGTGGTAGAGAGGGTGAGATGTGTATAAGAGACAG,25nm,STD,GAGAGTTATTG
sciMET_Tn5_9,GGTGTAGTGGGTTTGGAGTTAGTGTGATGGTAGAGAGGGTGAGATGTGTATAAGAGACAG,25nm,STD,AGTTAGTGTGA
sciMET_Tn5_10,GGTGTAGTGGGTTTGGGATATAGAATTTGGTAGAGAGGGTGAGATGTGTATAAGAGACAG,25nm,STD,GATATAGAATT
sciMET_Tn5_11,GGTGTAGTGGGTTTGGAAGGAAGTGAATGGTAGAGAGGGTGAGATGTGTATAAGAGACAG,25nm,STD,AAGGAAGTGAA
sciMET_Tn5_12,GGTGTAGTGGGTTTGGAATAAGGAAGGTGGTAGAGAGGGTGAGATGTGTATAAGAGACAG,25nm,STD,AATAAGGAAGG
sciMET_Tn5_13,GGTGTAGTGGGTTTGGGTATGGATATATGGTAGAGAGGGTGAGATGTGTATAAGAGACAG,25nm,STD,GTATGGATATA
sciMET_Tn5_14,GGTGTAGTGGGTTTGGTTAGATAATGATGGTAGAGAGGGTGAGATGTGTATAAGAGACAG,25nm,STD,TTAGATAATGA
sciMET_Tn5_15,GGTGTAGTGGGTTTGGGGTGTTGTAATTGGTAGAGAGGGTGAGATGTGTATAAGAGACAG,25nm,STD,GGTGTTGTAAT
sciMET_Tn5_16,GGTGTAGTGGGTTTGGGAAGTGGAGAGTGGTAGAGAGGGTGAGATGTGTATAAGAGACAG,25nm,STD,GAAGTGGAGAG
sciMET_Tn5_17,GGTGTAGTGGGTTTGGTTGAGTGGTAGTGGTAGAGAGGGTGAGATGTGTATAAGAGACAG,25nm,STD,TTGAGTGGTAG
sciMET_Tn5_18,GGTGTAGTGGGTTTGGGATAATGGTGATGGTAGAGAGGGTGAGATGTGTATAAGAGACAG,25nm,STD,GATAATGGTGA
sciMET_Tn5_19,GGTGTAGTGGGTTTGGGTGTTAATGGATGGTAGAGAGGGTGAGATGTGTATAAGAGACAG,25nm,STD,GTGTTAATGGA
sciMET_Tn5_20,GGTGTAGTGGGTTTGGTAGGAATGGTGTGGTAGAGAGGGTGAGATGTGTATAAGAGACAG,25nm,STD,TAGGAATGGTG
sciMET_Tn5_21,GGTGTAGTGGGTTTGGATGTATGGATATGGTAGAGAGGGTGAGATGTGTATAAGAGACAG,25nm,STD,ATGTATGGATA
sciMET_Tn5_22,GGTGTAGTGGGTTTGGTGATTGTTGGTTGGTAGAGAGGGTGAGATGTGTATAAGAGACAG,25nm,STD,TGATTGTTGGT
sciMET_Tn5_23,GGTGTAGTGGGTTTGGAAGAGAATTATTGGTAGAGAGGGTGAGATGTGTATAAGAGACAG,25nm,STD,AAGAGAATTAT
sciMET_Tn5_24,GGTGTAGTGGGTTTGGAATGGTTGGTATGGTAGAGAGGGTGAGATGTGTATAAGAGACAG,25nm,STD,AATGGTTGGTA
sciMET_Tn5_25,GGTGTAGTGGGTTTGGGGTTAATTGAGTGGTAGAGAGGGTGAGATGTGTATAAGAGACAG,25nm,STD,GGTTAATTGAG
sciMET_Tn5_26,GGTGTAGTGGGTTTGGGTATAATAGTTTGGTAGAGAGGGTGAGATGTGTATAAGAGACAG,25nm,STD,GTATAATAGTT
sciMET_Tn5_27,GGTGTAGTGGGTTTGGTTAGTTGAATTTGGTAGAGAGGGTGAGATGTGTATAAGAGACAG,25nm,STD,TTAGTTGAATT
sciMET_Tn5_28,GGTGTAGTGGGTTTGGTTGGTGAAGGTTGGTAGAGAGGGTGAGATGTGTATAAGAGACAG,25nm,STD,TTGGTGAAGGT
sciMET_Tn5_29,GGTGTAGTGGGTTTGGTTAATATTGAATGGTAGAGAGGGTGAGATGTGTATAAGAGACAG,25nm,STD,TTAATATTGAA
sciMET_Tn5_30,GGTGTAGTGGGTTTGGGTTAGAATTGGTGGTAGAGAGGGTGAGATGTGTATAAGAGACAG,25nm,STD,GTTAGAATTGG
sciMET_Tn5_31,GGTGTAGTGGGTTTGGGTTATTAATTATGGTAGAGAGGGTGAGATGTGTATAAGAGACAG,25nm,STD,GTTATTAATTA
sciMET_Tn5_32,GGTGTAGTGGGTTTGGGATTGGTAAGATGGTAGAGAGGGTGAGATGTGTATAAGAGACAG,25nm,STD,GATTGGTAAGA
sciMET_Tn5_33,GGTGTAGTGGGTTTGGTGAAGTATTGTTGGTAGAGAGGGTGAGATGTGTATAAGAGACAG,25nm,STD,TGAAGTATTGT
sciMET_Tn5_34,GGTGTAGTGGGTTTGGGATGGATTATGTGGTAGAGAGGGTGAGATGTGTATAAGAGACAG,25nm,STD,GATGGATTATG
sciMET_Tn5_35,GGTGTAGTGGGTTTGGATTAGTATATTTGGTAGAGAGGGTGAGATGTGTATAAGAGACAG,25nm,STD,ATTAGTATATT
sciMET_Tn5_36,GGTGTAGTGGGTTTGGGTAGGTGTGGTTGGTAGAGAGGGTGAGATGTGTATAAGAGACAG,25nm,STD,GTAGGTGTGGT
sciMET_Tn5_37,GGTGTAGTGGGTTTGGAGTTGAATGTATGGTAGAGAGGGTGAGATGTGTATAAGAGACAG,25nm,STD,AGTTGAATGTA
sciMET_Tn5_38,GGTGTAGTGGGTTTGGATTGTGAGATATGGTAGAGAGGGTGAGATGTGTATAAGAGACAG,25nm,STD,ATTGTGAGATA
sciMET_Tn5_39,GGTGTAGTGGGTTTGGTTGTGGTGAGTTGGTAGAGAGGGTGAGATGTGTATAAGAGACAG,25nm,STD,TTGTGGTGAGT
sciMET_Tn5_40,GGTGTAGTGGGTTTGGTTAAGTTGGTTTGGTAGAGAGGGTGAGATGTGTATAAGAGACAG,25nm,STD,TTAAGTTGGTT
sciMET_Tn5_41,GGTGTAGTGGGTTTGGTATAATAATATTGGTAGAGAGGGTGAGATGTGTATAAGAGACAG,25nm,STD,TATAATAATAT
sciMET_Tn5_42,GGTGTAGTGGGTTTGGAAGGTATGAGTTGGTAGAGAGGGTGAGATGTGTATAAGAGACAG,25nm,STD,AAGGTATGAGT
sciMET_Tn5_43,GGTGTAGTGGGTTTGGAGGATTATAAGTGGTAGAGAGGGTGAGATGTGTATAAGAGACAG,25nm,STD,AGGATTATAAG
sciMET_Tn5_44,GGTGTAGTGGGTTTGGAGAGTTAGGTTTGGTAGAGAGGGTGAGATGTGTATAAGAGACAG,25nm,STD,AGAGTTAGGTT
sciMET_Tn5_45,GGTGTAGTGGGTTTGGATGGATAGTATTGGTAGAGAGGGTGAGATGTGTATAAGAGACAG,25nm,STD,ATGGATAGTAT
sciMET_Tn5_46,GGTGTAGTGGGTTTGGATATTATGTTGTGGTAGAGAGGGTGAGATGTGTATAAGAGACAG,25nm,STD,ATATTATGTTG
sciMET_Tn5_47,GGTGTAGTGGGTTTGGGGTGGAGATAGTGGTAGAGAGGGTGAGATGTGTATAAGAGACAG,25nm,STD,GGTGGAGATAG
sciMET_Tn5_48,GGTGTAGTGGGTTTGGTGGTGGTAGTGTGGTAGAGAGGGTGAGATGTGTATAAGAGACAG,25nm,STD,TGGTGGTAGTG
sciMET_Tn5_49,GGTGTAGTGGGTTTGGAGGTGAGAAGTTGGTAGAGAGGGTGAGATGTGTATAAGAGACAG,25nm,STD,AGGTGAGAAGT
sciMET_Tn5_50,GGTGTAGTGGGTTTGGTAGGAGGTTGTTGGTAGAGAGGGTGAGATGTGTATAAGAGACAG,25nm,STD,TAGGAGGTTGT
sciMET_Tn5_51,GGTGTAGTGGGTTTGGTGTATAGGTATTGGTAGAGAGGGTGAGATGTGTATAAGAGACAG,25nm,STD,TGTATAGGTAT
sciMET_Tn5_52,GGTGTAGTGGGTTTGGTGTTATGTAGATGGTAGAGAGGGTGAGATGTGTATAAGAGACAG,25nm,STD,TGTTATGTAGA
sciMET_Tn5_53,GGTGTAGTGGGTTTGGTGGAAGGTATGTGGTAGAGAGGGTGAGATGTGTATAAGAGACAG,25nm,STD,TGGAAGGTATG
sciMET_Tn5_54,GGTGTAGTGGGTTTGGAATGTAAGGAGTGGTAGAGAGGGTGAGATGTGTATAAGAGACAG,25nm,STD,AATGTAAGGAG
sciMET_Tn5_55,GGTGTAGTGGGTTTGGGTTATGTTAAGTGGTAGAGAGGGTGAGATGTGTATAAGAGACAG,25nm,STD,GTTATGTTAAG
sciMET_Tn5_56,GGTGTAGTGGGTTTGGTGTTATAGGTGTGGTAGAGAGGGTGAGATGTGTATAAGAGACAG,25nm,STD,TGTTATAGGTG
sciMET_Tn5_57,GGTGTAGTGGGTTTGGAAGGAGAATTGTGGTAGAGAGGGTGAGATGTGTATAAGAGACAG,25nm,STD,AAGGAGAATTG
sciMET_Tn5_58,GGTGTAGTGGGTTTGGAGAGGTGGAAGTGGTAGAGAGGGTGAGATGTGTATAAGAGACAG,25nm,STD,AGAGGTGGAAG
sciMET_Tn5_59,GGTGTAGTGGGTTTGGGATTAGGTGTATGGTAGAGAGGGTGAGATGTGTATAAGAGACAG,25nm,STD,GATTAGGTGTA
sciMET_Tn5_60,GGTGTAGTGGGTTTGGATTATATAAGATGGTAGAGAGGGTGAGATGTGTATAAGAGACAG,25nm,STD,ATTATATAAGA
sciMET_Tn5_61,GGTGTAGTGGGTTTGGGAGAATATGGTTGGTAGAGAGGGTGAGATGTGTATAAGAGACAG,25nm,STD,GAGAATATGGT
sciMET_Tn5_62,GGTGTAGTGGGTTTGGGGATTGAGAGGTGGTAGAGAGGGTGAGATGTGTATAAGAGACAG,25nm,STD,GGATTGAGAGG
sciMET_Tn5_63,GGTGTAGTGGGTTTGGATTATGGTGGTTGGTAGAGAGGGTGAGATGTGTATAAGAGACAG,25nm,STD,ATTATGGTGGT
sciMET_Tn5_64,GGTGTAGTGGGTTTGGGAAGGAAGTTATGGTAGAGAGGGTGAGATGTGTATAAGAGACAG,25nm,STD,GAAGGAAGTTA
sciMET_Tn5_65,GGTGTAGTGGGTTTGGGAATATGTAAGTGGTAGAGAGGGTGAGATGTGTATAAGAGACAG,25nm,STD,GAATATGTAAG
sciMET_Tn5_66,GGTGTAGTGGGTTTGGTAGTTAATATTTGGTAGAGAGGGTGAGATGTGTATAAGAGACAG,25nm,STD,TAGTTAATATT
sciMET_Tn5_67,GGTGTAGTGGGTTTGGTGAATGAATAGTGGTAGAGAGGGTGAGATGTGTATAAGAGACAG,25nm,STD,TGAATGAATAG
sciMET_Tn5_68,GGTGTAGTGGGTTTGGAGGATGGATTATGGTAGAGAGGGTGAGATGTGTATAAGAGACAG,25nm,STD,AGGATGGATTA
sciMET_Tn5_69,GGTGTAGTGGGTTTGGAAGTGTATAGATGGTAGAGAGGGTGAGATGTGTATAAGAGACAG,25nm,STD,AAGTGTATAGA
sciMET_Tn5_70,GGTGTAGTGGGTTTGGGAGGTTGAAGATGGTAGAGAGGGTGAGATGTGTATAAGAGACAG,25nm,STD,GAGGTTGAAGA
sciMET_Tn5_71,GGTGTAGTGGGTTTGGTGTGTAATAGGTGGTAGAGAGGGTGAGATGTGTATAAGAGACAG,25nm,STD,TGTGTAATAGG
sciMET_Tn5_72,GGTGTAGTGGGTTTGGTTGATTAGAGATGGTAGAGAGGGTGAGATGTGTATAAGAGACAG,25nm,STD,TTGATTAGAGA
sciMET_Tn5_73,GGTGTAGTGGGTTTGGTATGTGTGTGGTGGTAGAGAGGGTGAGATGTGTATAAGAGACAG,25nm,STD,TATGTGTGTGG
sciMET_Tn5_74,GGTGTAGTGGGTTTGGGAGATGAGAATTGGTAGAGAGGGTGAGATGTGTATAAGAGACAG,25nm,STD,GAGATGAGAAT
sciMET_Tn5_75,GGTGTAGTGGGTTTGGTGGTGAAGTGATGGTAGAGAGGGTGAGATGTGTATAAGAGACAG,25nm,STD,TGGTGAAGTGA
sciMET_Tn5_76,GGTGTAGTGGGTTTGGGTGGTAGGATGTGGTAGAGAGGGTGAGATGTGTATAAGAGACAG,25nm,STD,GTGGTAGGATG
sciMET_Tn5_77,GGTGTAGTGGGTTTGGTGTAGGTGATATGGTAGAGAGGGTGAGATGTGTATAAGAGACAG,25nm,STD,TGTAGGTGATA
sciMET_Tn5_78,GGTGTAGTGGGTTTGGGTAAGGTGTGATGGTAGAGAGGGTGAGATGTGTATAAGAGACAG,25nm,STD,GTAAGGTGTGA
sciMET_Tn5_79,GGTGTAGTGGGTTTGGAGAAGAGAGTGTGGTAGAGAGGGTGAGATGTGTATAAGAGACAG,25nm,STD,AGAAGAGAGTG
sciMET_Tn5_80,GGTGTAGTGGGTTTGGGGATGTTGTATTGGTAGAGAGGGTGAGATGTGTATAAGAGACAG,25nm,STD,GGATGTTGTAT
sciMET_Tn5_81,GGTGTAGTGGGTTTGGAAGTTATATAATGGTAGAGAGGGTGAGATGTGTATAAGAGACAG,25nm,STD,AAGTTATATAA
sciMET_Tn5_82,GGTGTAGTGGGTTTGGTGGAATTAAGTTGGTAGAGAGGGTGAGATGTGTATAAGAGACAG,25nm,STD,TGGAATTAAGT
sciMET_Tn5_83,GGTGTAGTGGGTTTGGTAATGAGAGGATGGTAGAGAGGGTGAGATGTGTATAAGAGACAG,25nm,STD,TAATGAGAGGA
sciMET_Tn5_84,GGTGTAGTGGGTTTGGATAATTGATGGTGGTAGAGAGGGTGAGATGTGTATAAGAGACAG,25nm,STD,ATAATTGATGG
sciMET_Tn5_85,GGTGTAGTGGGTTTGGTGTGAAGAGTATGGTAGAGAGGGTGAGATGTGTATAAGAGACAG,25nm,STD,TGTGAAGAGTA
sciMET_Tn5_86,GGTGTAGTGGGTTTGGGATGAATATGTTGGTAGAGAGGGTGAGATGTGTATAAGAGACAG,25nm,STD,GATGAATATGT
sciMET_Tn5_87,GGTGTAGTGGGTTTGGTGAGGATAGATTGGTAGAGAGGGTGAGATGTGTATAAGAGACAG,25nm,STD,TGAGGATAGAT
sciMET_Tn5_88,GGTGTAGTGGGTTTGGATTAATTAGAGTGGTAGAGAGGGTGAGATGTGTATAAGAGACAG,25nm,STD,ATTAATTAGAG
sciMET_Tn5_89,GGTGTAGTGGGTTTGGGGAGAGATGGATGGTAGAGAGGGTGAGATGTGTATAAGAGACAG,25nm,STD,GGAGAGATGGA
sciMET_Tn5_90,GGTGTAGTGGGTTTGGTAATTGAGGAATGGTAGAGAGGGTGAGATGTGTATAAGAGACAG,25nm,STD,TAATTGAGGAA
sciMET_Tn5_91,GGTGTAGTGGGTTTGGTTGGAATTAATTGGTAGAGAGGGTGAGATGTGTATAAGAGACAG,25nm,STD,TTGGAATTAAT
sciMET_Tn5_92,GGTGTAGTGGGTTTGGAATGTTATTGTTGGTAGAGAGGGTGAGATGTGTATAAGAGACAG,25nm,STD,AATGTTATTGT
sciMET_Tn5_93,GGTGTAGTGGGTTTGGGTAGTTATTAGTGGTAGAGAGGGTGAGATGTGTATAAGAGACAG,25nm,STD,GTAGTTATTAG
sciMET_Tn5_94,GGTGTAGTGGGTTTGGTATATTGTGAGTGGTAGAGAGGGTGAGATGTGTATAAGAGACAG,25nm,STD,TATATTGTGAG
sciMET_Tn5_95,GGTGTAGTGGGTTTGGGTGTAGGATAGTGGTAGAGAGGGTGAGATGTGTATAAGAGACAG,25nm,STD,GTGTAGGATAG
sciMET_Tn5_96,GGTGTAGTGGGTTTGGAGAGAAGTTGGTGGTAGAGAGGGTGAGATGTGTATAAGAGACAG,25nm,STD,AGAGAAGTTGG
sciMET_N9_IPE2,GGAGTTCAGACGTGTGCTCTTCCGATCTNNNNNNNNN,100nm,STD,
sciMET_i7_1,CAAGCAGAAGACGGCATACGAGATcaagatgccgGTGACTGGAGTTCAGACGTGTGCTCTTCCGATCT,100nm,STD,caagatgccg
sciMET_i7_2,CAAGCAGAAGACGGCATACGAGATaacgtctagtGTGACTGGAGTTCAGACGTGTGCTCTTCCGATCT,100nm,STD,aacgtctagt
sciMET_i7_3,CAAGCAGAAGACGGCATACGAGATaggtatactcGTGACTGGAGTTCAGACGTGTGCTCTTCCGATCT,100nm,STD,aggtatactc
sciMET_i7_4,CAAGCAGAAGACGGCATACGAGATttcataggacGTGACTGGAGTTCAGACGTGTGCTCTTCCGATCT,100nm,STD,ttcataggac
sciMET_i7_5,CAAGCAGAAGACGGCATACGAGATggaggcctccGTGACTGGAGTTCAGACGTGTGCTCTTCCGATCT,100nm,STD,ggaggcctcc
sciMET_i7_6,CAAGCAGAAGACGGCATACGAGATttcaatataaGTGACTGGAGTTCAGACGTGTGCTCTTCCGATCT,100nm,STD,ttcaatataa
sciMET_i7_7,CAAGCAGAAGACGGCATACGAGATacgtcatataGTGACTGGAGTTCAGACGTGTGCTCTTCCGATCT,100nm,STD,acgtcatata
sciMET_i7_8,CAAGCAGAAGACGGCATACGAGATttgaccaggaGTGACTGGAGTTCAGACGTGTGCTCTTCCGATCT,100nm,STD,ttgaccagga
sciMET_i7_9,CAAGCAGAAGACGGCATACGAGATcggttgcgcgGTGACTGGAGTTCAGACGTGTGCTCTTCCGATCT,100nm,STD,cggttgcgcg
sciMET_i7_10,CAAGCAGAAGACGGCATACGAGATcaaggaggtcGTGACTGGAGTTCAGACGTGTGCTCTTCCGATCT,100nm,STD,caaggaggtc
sciMET_i7_11,CAAGCAGAAGACGGCATACGAGATttacgatgaaGTGACTGGAGTTCAGACGTGTGCTCTTCCGATCT,100nm,STD,ttacgatgaa
sciMET_i7_12,CAAGCAGAAGACGGCATACGAGATttgctggcatGTGACTGGAGTTCAGACGTGTGCTCTTCCGATCT,100nm,STD,ttgctggcat
sciMET_i7_13,CAAGCAGAAGACGGCATACGAGATaatactcttcGTGACTGGAGTTCAGACGTGTGCTCTTCCGATCT,100nm,STD,aatactcttc
sciMET_i7_14,CAAGCAGAAGACGGCATACGAGATccaactaaccGTGACTGGAGTTCAGACGTGTGCTCTTCCGATCT,100nm,STD,ccaactaacc
sciMET_i7_15,CAAGCAGAAGACGGCATACGAGATtatcctcaatGTGACTGGAGTTCAGACGTGTGCTCTTCCGATCT,100nm,STD,tatcctcaat
sciMET_i7_16,CAAGCAGAAGACGGCATACGAGATgccgtcgcgtGTGACTGGAGTTCAGACGTGTGCTCTTCCGATCT,100nm,STD,gccgtcgcgt
sciMET_i7_17,CAAGCAGAAGACGGCATACGAGATccgctgcttcGTGACTGGAGTTCAGACGTGTGCTCTTCCGATCT,100nm,STD,ccgctgcttc
sciMET_i7_18,CAAGCAGAAGACGGCATACGAGATtgaccgaatcGTGACTGGAGTTCAGACGTGTGCTCTTCCGATCT,100nm,STD,tgaccgaatc
sciMET_i7_19,CAAGCAGAAGACGGCATACGAGATgtctccagagGTGACTGGAGTTCAGACGTGTGCTCTTCCGATCT,100nm,STD,gtctccagag
sciMET_i7_20,CAAGCAGAAGACGGCATACGAGATaatgctagtcGTGACTGGAGTTCAGACGTGTGCTCTTCCGATCT,100nm,STD,aatgctagtc
sciMET_i7_21,CAAGCAGAAGACGGCATACGAGATgacgacctgcGTGACTGGAGTTCAGACGTGTGCTCTTCCGATCT,100nm,STD,gacgacctgc
sciMET_i7_22,CAAGCAGAAGACGGCATACGAGATagagccagccGTGACTGGAGTTCAGACGTGTGCTCTTCCGATCT,100nm,STD,agagccagcc
sciMET_i7_23,CAAGCAGAAGACGGCATACGAGATccaggccgcaGTGACTGGAGTTCAGACGTGTGCTCTTCCGATCT,100nm,STD,ccaggccgca
sciMET_i7_24,CAAGCAGAAGACGGCATACGAGATcaggtatggaGTGACTGGAGTTCAGACGTGTGCTCTTCCGATCT,100nm,STD,caggtatgga
sciMET_i5_1,AATGATACGGCGACCACCGAGATCTACACgtatcatcgaGGTGTAGTGGGTTTGG,100nm,STD,gtatcatcga
sciMET_i5_2,AATGATACGGCGACCACCGAGATCTACACccgcgattatGGTGTAGTGGGTTTGG,100nm,STD,ccgcgattat
sciMET_i5_3,AATGATACGGCGACCACCGAGATCTACACattcaggtacGGTGTAGTGGGTTTGG,100nm,STD,attcaggtac
sciMET_i5_4,AATGATACGGCGACCACCGAGATCTACACatggaattggGGTGTAGTGGGTTTGG,100nm,STD,atggaattgg
sciMET_i5_5,AATGATACGGCGACCACCGAGATCTACACgacgaagcgtGGTGTAGTGGGTTTGG,100nm,STD,gacgaagcgt
sciMET_i5_6,AATGATACGGCGACCACCGAGATCTACACcttgcagtagGGTGTAGTGGGTTTGG,100nm,STD,cttgcagtag
sciMET_i5_7,AATGATACGGCGACCACCGAGATCTACACcttggtaatgGGTGTAGTGGGTTTGG,100nm,STD,cttggtaatg
sciMET_i5_8,AATGATACGGCGACCACCGAGATCTACACcaagtcgaccGGTGTAGTGGGTTTGG,100nm,STD,caagtcgacc
sciMET_N9MG_IPE2,GGAGTTCAGACGTGTGCTCTTCCGATCT(H1:33340033)(H1)(H1)(H1)(H1)(H1)(H1)(H1)(H1),100nm,STD,
Tn5ME-B,GTCTCGTGGGCTCGGAGATGTGTATAAGAGACAG,100nm,STD,
ILLUM_i7,ATCTCGTATGCCGTCTTCTGCTTG,100nm,STD,
ILLUM_i7_19bp,GTATGCCGTCTTCTGCTTG,100nm,STD,
MEC_19bp_RC 3'-5',AGATGTGTATAAGAGACAG,100nm,STD,
sciTAP_Tn5_1,CAAGCAGAAGACGGCATACGAGATcgctcagttcGTGACTGGAGTTCAGACGTGTGCTCTTCCGATCTGAGATGTGTATAAGAGACAG,100nm,STD,cgctcagttc
sciTAP_Tn5_2,CAAGCAGAAGACGGCATACGAGATtatctgacctGTGACTGGAGTTCAGACGTGTGCTCTTCCGATCTAGATGTGTATAAGAGACAG,100nm,STD,tatctgacct
sciTAP_Tn5_3,CAAGCAGAAGACGGCATACGAGATatatgagacgGTGACTGGAGTTCAGACGTGTGCTCTTCCGATCTAGATGTGTATAAGAGACAG,100nm,STD,atatgagacg
sciTAP_Tn5_4,CAAGCAGAAGACGGCATACGAGATcttatggaatGTGACTGGAGTTCAGACGTGTGCTCTTCCGATCTAGATGTGTATAAGAGACAG,100nm,STD,cttatggaat
sciTAP_Tn5_5,CAAGCAGAAGACGGCATACGAGATtaatctcgtcGTGACTGGAGTTCAGACGTGTGCTCTTCCGATCTAGATGTGTATAAGAGACAG,100nm,STD,taatctcgtc
sciTAP_Tn5_6,CAAGCAGAAGACGGCATACGAGATgcgcgatgttGTGACTGGAGTTCAGACGTGTGCTCTTCCGATCTAGATGTGTATAAGAGACAG,100nm,STD,gcgcgatgtt
sciTAP_Tn5_7,CAAGCAGAAGACGGCATACGAGATagagcactagGTGACTGGAGTTCAGACGTGTGCTCTTCCGATCTAGATGTGTATAAGAGACAG,100nm,STD,agagcactag
sciTAP_Tn5_8,CAAGCAGAAGACGGCATACGAGATtgccttgatcGTGACTGGAGTTCAGACGTGTGCTCTTCCGATCTAGATGTGTATAAGAGACAG,100nm,STD,tgccttgatc
sciTAP_Tn5_9,CAAGCAGAAGACGGCATACGAGATctactcagtcGTGACTGGAGTTCAGACGTGTGCTCTTCCGATCTAGATGTGTATAAGAGACAG,100nm,STD,ctactcagtc
sciTAP_Tn5_10,CAAGCAGAAGACGGCATACGAGATtcgtctgactGTGACTGGAGTTCAGACGTGTGCTCTTCCGATCTAGATGTGTATAAGAGACAG,100nm,STD,tcgtctgact
sciTAP_Tn5_11,CAAGCAGAAGACGGCATACGAGATgaacatacggGTGACTGGAGTTCAGACGTGTGCTCTTCCGATCTAGATGTGTATAAGAGACAG,100nm,STD,gaacatacgg
sciTAP_Tn5_12,CAAGCAGAAGACGGCATACGAGATcctatgactcGTGACTGGAGTTCAGACGTGTGCTCTTCCGATCTAGATGTGTATAAGAGACAG,100nm,STD,cctatgactc
sciTAP_Tn5_13,CAAGCAGAAGACGGCATACGAGATtaatggcaagGTGACTGGAGTTCAGACGTGTGCTCTTCCGATCTAGATGTGTATAAGAGACAG,100nm,STD,taatggcaag
sciTAP_Tn5_14,CAAGCAGAAGACGGCATACGAGATgtgccgcttcGTGACTGGAGTTCAGACGTGTGCTCTTCCGATCTAGATGTGTATAAGAGACAG,100nm,STD,gtgccgcttc
sciTAP_Tn5_15,CAAGCAGAAGACGGCATACGAGATcggcaatggaGTGACTGGAGTTCAGACGTGTGCTCTTCCGATCTAGATGTGTATAAGAGACAG,100nm,STD,cggcaatgga
sciTAP_Tn5_16,CAAGCAGAAGACGGCATACGAGATgccgtaaccgGTGACTGGAGTTCAGACGTGTGCTCTTCCGATCTAGATGTGTATAAGAGACAG,100nm,STD,gccgtaaccg